"","stations","missing"
"1","ALT",0.994897324206596
"2","CHU",0.99477286869944
"3","DAV",0.99477286869944
"4","LUG",0.991730411412032
"5","MAG",0.992107340173639
"6","MVE",0.995021779713752
"7","ROB",0.990827791790874
"8","VIS",0.992408214063472
