,stations,raw,aggregated
1,ALT,0.011498306,0
2,LUG,0.015326875,0
3,CHU,0.012247632,0
4,MAG,0.014708603,0
5,DAV,0.012307267,0
6,ROB,0.01697987,0
7,VIS,0.015734979,0
8,MVE,0.011599426,0
